{
  "sections": {
    "product-recommendations": {
      "type": "product-recommendations",
      "settings": {
        "show_product_recommendations": true,
        "heading": "You may also like",
        "show_vendor": false
      }
    },
    "main": {
      "type": "product-template",
      "blocks": {
        "title": {
          "type": "title",
          "settings": {
          }
        },
        "price": {
          "type": "price",
          "settings": {
          }
        },
        "buttons": {
          "type": "buttons",
          "settings": {
          }
        },
        "description": {
          "type": "description",
          "settings": {
          }
        },
        "share": {
          "type": "share",
          "settings": {
          }
        }
      },
      "block_order": [
        "title",
        "price",
        "buttons",
        "description",
        "share"
      ],
      "settings": {
        "show_quantity_selector": false,
        "show_vendor": false,
        "enable_payment_button": true,
        "show_share_buttons": true,
        "media_size": "medium",
        "enable_image_zoom": true,
        "enable_video_looping": false
      }
    },
    "product-back-to-collection": {
      "type": "product-back-to-collection",
      "settings": {
      }
    }
  },
  "order": [
    "product-recommendations",
    "main",
    "product-back-to-collection"
  ]
}
