[
  {
    "name": "theme_info",
    "theme_name": "Debut",
    "theme_author": "Shopify",
    "theme_version": "17.14.1",
    "theme_documentation_url": "https://help.shopify.com/manual/using-themes/themes-by-shopify/debut",
    "theme_support_url": "https://support.shopify.com/"
  },
  {
    "name": "t:settings_schema.colors.name",
    "settings": [
      {
        "type": "header",
        "content": "t:settings_schema.colors.settings.header__1.content"
      },
      {
        "type": "color",
        "id": "color_text",
        "label": "t:settings_schema.colors.settings.color_text.label",
        "default": "#3a3a3a"
      },
      {
        "type": "color",
        "id": "color_body_text",
        "label": "t:settings_schema.colors.settings.color_body_text.label",
        "default": "#333232"
      },
      {
        "type": "color",
        "id": "color_sale_text",
        "label": "t:settings_schema.colors.settings.color_sale_text.label",
        "default": "#EA0606"
      },
      {
        "type": "header",
        "content": "t:settings_schema.colors.settings.header__2.content"
      },
      {
        "type": "color",
        "id": "color_button",
        "label": "t:settings_schema.colors.settings.color_button.label",
        "default": "#3a3a3a"
      },
      {
        "type": "color",
        "id": "color_button_text",
        "label": "t:settings_schema.colors.settings.color_button_text.label",
        "default": "#ffffff"
      },
      {
        "type": "color",
        "id": "color_small_button_text_border",
        "label": "t:settings_schema.colors.settings.color_small_button_text_border.label",
        "default": "#3a3a3a"
      },
      {
        "type": "header",
        "content": "t:settings_schema.colors.settings.header__3.content"
      },
      {
        "type": "color",
        "id": "color_text_field_text",
        "label": "t:settings_schema.colors.settings.color_text_field_text.label",
        "default": "#000000"
      },
      {
        "type": "color",
        "id": "color_text_field_border",
        "label": "t:settings_schema.colors.settings.color_text_field_border.label",
        "default": "#cccccc"
      },
      {
        "type": "color",
        "id": "color_text_field",
        "label": "t:settings_schema.colors.settings.color_text_field.label",
        "default": "#ffffff"
      },
      {
        "type": "header",
        "content": "t:settings_schema.colors.settings.header__4.content"
      },
      {
        "type": "color",
        "id": "color_image_overlay_text",
        "label": "t:settings_schema.colors.settings.color_image_overlay_text.label",
        "default": "#ffffff"
      },
      {
        "type": "color",
        "id": "color_image_overlay",
        "label": "t:settings_schema.colors.settings.color_image_overlay.label",
        "default": "#685858"
      },
      {
        "type": "range",
        "id": "image_overlay_opacity",
        "label": "t:settings_schema.colors.settings.image_overlay_opacity.label",
        "min": 0,
        "max": 100,
        "step": 1,
        "unit": "%",
        "default": 40
      },
      {
        "type": "header",
        "content": "t:settings_schema.colors.settings.header__5.content"
      },
      {
        "type": "color",
        "id": "color_borders",
        "label": "t:settings_schema.colors.settings.color_borders.label",
        "default": "#ebebeb"
      },
      {
        "type": "color",
        "id": "color_body_bg",
        "label": "t:settings_schema.colors.settings.color_body_bg.label",
        "default": "#ffffff"
      }
    ]
  },
  {
    "name": "t:settings_schema.typography.name",
    "settings": [
      {
        "type": "header",
        "content": "t:settings_schema.typography.settings.header__1.content"
      },
      {
        "type": "font_picker",
        "id": "type_header_font",
        "label": "t:settings_schema.typography.settings.type_header_font.label",
        "default": "helvetica_n7"
      },
      {
        "type": "range",
        "id": "type_header_base_size",
        "label": "t:settings_schema.typography.settings.type_header_base_size.label",
        "default": 26,
        "min": 20,
        "max": 36,
        "step": 1,
        "unit": "px"
      },
      {
        "type": "header",
        "content": "t:settings_schema.typography.settings.header__2.content"
      },
      {
        "type": "font_picker",
        "id": "type_base_font",
        "label": "t:settings_schema.typography.settings.type_base_font.label",
        "default": "helvetica_n4"
      },
      {
        "type": "range",
        "id": "type_base_size",
        "label": "t:settings_schema.typography.settings.type_base_size.label",
        "default": 15,
        "min": 14,
        "max": 20,
        "step": 1,
        "unit": "px"
      }
    ]
  },
  {
    "name": "t:settings_schema.search.name",
    "settings": [
      {
        "type": "header",
        "content": "t:settings_schema.search.settings.header__1.content"
      },
      {
        "type": "checkbox",
        "id": "predictive_search_enabled",
        "label": "t:settings_schema.search.settings.predictive_search_enabled.label",
        "info": "t:settings_schema.search.settings.predictive_search_enabled.info",
        "default": true
      },
      {
        "type": "checkbox",
        "id": "predictive_search_show_vendor",
        "label": "t:settings_schema.search.settings.predictive_search_show_vendor.label",
        "default": false
      },
      {
        "type": "checkbox",
        "id": "predictive_search_show_price",
        "label": "t:settings_schema.search.settings.predictive_search_show_price.label",
        "default": false
      }
    ]
  },
  {
    "name": "t:settings_schema.social-media.name",
    "settings": [
      {
        "type": "header",
        "content": "t:settings_schema.social-media.settings.header__1.content"
      },
      {
        "type": "checkbox",
        "id": "share_facebook",
        "label": "t:settings_schema.social-media.settings.share_facebook.label",
        "default": true
      },
      {
        "type": "checkbox",
        "id": "share_twitter",
        "label": "t:settings_schema.social-media.settings.share_twitter.label",
        "default": true
      },
      {
        "type": "checkbox",
        "id": "share_pinterest",
        "label": "t:settings_schema.social-media.settings.share_pinterest.label",
        "default": true
      },
      {
        "type": "header",
        "content": "t:settings_schema.social-media.settings.header__2.content"
      },
      {
        "type": "text",
        "id": "social_twitter_link",
        "label": "t:settings_schema.social-media.settings.social_twitter_link.label",
        "info": "t:settings_schema.social-media.settings.social_twitter_link.info"
      },
      {
        "type": "text",
        "id": "social_facebook_link",
        "label": "t:settings_schema.social-media.settings.social_facebook_link.label",
        "info": "t:settings_schema.social-media.settings.social_facebook_link.info"
      },
      {
        "type": "text",
        "id": "social_pinterest_link",
        "label": "t:settings_schema.social-media.settings.social_pinterest_link.label",
        "info": "t:settings_schema.social-media.settings.social_pinterest_link.info"
      },
      {
        "type": "text",
        "id": "social_instagram_link",
        "label": "t:settings_schema.social-media.settings.social_instagram_link.label",
        "info": "t:settings_schema.social-media.settings.social_instagram_link.info"
      },
      {
        "type": "text",
        "id": "social_tumblr_link",
        "label": "t:settings_schema.social-media.settings.social_tumblr_link.label",
        "info": "t:settings_schema.social-media.settings.social_tumblr_link.info"
      },
      {
        "type": "text",
        "id": "social_snapchat_link",
        "label": "t:settings_schema.social-media.settings.social_snapchat_link.label",
        "info": "t:settings_schema.social-media.settings.social_snapchat_link.info"
      },
      {
        "type": "text",
        "id": "social_youtube_link",
        "label": "t:settings_schema.social-media.settings.social_youtube_link.label",
        "info": "t:settings_schema.social-media.settings.social_youtube_link.info"
      },
      {
        "type": "text",
        "id": "social_vimeo_link",
        "label": "t:settings_schema.social-media.settings.social_vimeo_link.label",
        "info": "t:settings_schema.social-media.settings.social_vimeo_link.info"
      }
    ]
  },
  {
    "name": "t:settings_schema.favicon.name",
    "settings": [
      {
        "type": "image_picker",
        "id": "favicon",
        "label": "t:settings_schema.favicon.settings.favicon_image.label",
        "info": "t:settings_schema.favicon.settings.favicon_image.info"
      }
    ]
  },
  {
    "name": "t:settings_schema.cart-notification.name",
    "settings": [
      {
        "type": "checkbox",
        "id": "enable_ajax",
        "label": "t:settings_schema.cart-notification.settings.enable_ajax.label",
        "default": true
      }
    ]
  },
  {
    "name": "t:settings_schema.currency.name",
    "settings": [
      {
        "type": "header",
        "content": "t:settings_schema.currency.settings.header__1.content"
      },
      {
        "type": "paragraph",
        "content": "t:settings_schema.currency.settings.paragraph.content"
      },
      {
        "type": "checkbox",
        "id": "currency_code_enabled",
        "label": "t:settings_schema.currency.settings.currency_code_enabled.label",
        "default": true
      }
    ]
  }
]